{"count":1,"self":167.4298368,"total":171.167735,"children":{"InitializeActuators":{"count":9,"self":0.0020246,"total":0.0020246,"children":null},"InitializeSensors":{"count":9,"self":0.0029920999999999997,"total":0.0029920999999999997,"children":null},"AgentSendState":{"count":15863,"self":0.1682246,"total":0.1955933,"children":{"CollectObservations":{"count":2216,"self":0.015084499999999999,"total":0.015084499999999999,"children":null},"WriteActionMask":{"count":2216,"self":0.0019928999999999997,"total":0.0019928999999999997,"children":null},"RequestDecision":{"count":2216,"self":0.0102913,"total":0.0102913,"children":null}}},"DecideAction":{"count":15863,"self":3.5012016,"total":3.5113844999999997,"children":{"RayPerceptionSensor.Perceive":{"count":4432,"self":0.010183099999999999,"total":0.010183099999999999,"children":null}}},"AgentAct":{"count":15863,"self":0.024928199999999998,"total":0.024928199999999998,"children":null}},"gauges":{},"metadata":{"timer_format_version":"0.1.0","start_time_seconds":"1674909967","unity_version":"2021.3.8f1","command_line_arguments":"D:\\Unity\\2021.3.8f1\\Editor\\Unity.exe -projectpath D:\\Unity\\Projects\\TankGame -useHub -hubIPC -cloudEnvironment production -licensingIpc LicenseClient-sho -hubSessionId a8aebbd0-9ebb-11ed-9e95-dd2420ba4cbd -accessToken jm2ZESEaXwmldZ0l84y_jdHvL2pA4OTfYjDH3NeZY7g009f","communication_protocol_version":"1.5.0","com.unity.ml-agents_version":"2.2.1-exp.1","scene_name":"Main","end_time_seconds":"1674910138"}}