{"count":1,"self":72.048371199999991,"total":72.770521899999991,"children":{"InitializeActuators":{"count":2,"self":0.0015651999999999999,"total":0.0015651999999999999,"children":null},"InitializeSensors":{"count":2,"self":0.0035746,"total":0.0035746,"children":null},"AgentSendState":{"count":2199,"self":0.0203663,"total":0.0272874,"children":{"CollectObservations":{"count":262,"self":0.0019475999999999999,"total":0.0019475999999999999,"children":null},"WriteActionMask":{"count":262,"self":0.00099739999999999985,"total":0.00099739999999999985,"children":null},"RequestDecision":{"count":262,"self":0.0039761,"total":0.0039761,"children":null}}},"DecideAction":{"count":2199,"self":0.6065094,"total":0.6085039,"children":{"RayPerceptionSensor.Perceive":{"count":524,"self":0.0019944999999999997,"total":0.0019944999999999997,"children":null}}},"AgentAct":{"count":2199,"self":0.0796849,"total":0.0796849,"children":null}},"gauges":{},"metadata":{"timer_format_version":"0.1.0","start_time_seconds":"1675749728","unity_version":"2021.3.8f1","command_line_arguments":"D:\\Unity\\2021.3.8f1\\Editor\\Unity.exe -projectpath D:\\Unity\\Projects\\TankGame -useHub -hubIPC -cloudEnvironment production -licensingIpc LicenseClient-sho -hubSessionId 9e0a12d0-a69d-11ed-8456-bb5a4937608f -accessToken O2gYcvs_lvcTQX1PARzftvqhVn-s_sFt6cfy0_Q6xTU009f","communication_protocol_version":"1.5.0","com.unity.ml-agents_version":"2.2.1-exp.1","scene_name":"Main","end_time_seconds":"1675749800"}}