{"count":1,"self":2355.4295807999997,"total":12847.8899143,"children":{"InitializeActuators":{"count":130,"self":0.0030001999999999997,"total":0.0030001999999999997,"children":null},"InitializeSensors":{"count":130,"self":0.009164499999999999,"total":0.009164499999999999,"children":null},"AgentSendState":{"count":1031577,"self":589.2993024,"total":1316.1574483,"children":{"CollectObservations":{"count":12866720,"self":30.554764799999997,"total":30.554763599999998,"children":null},"WriteActionMask":{"count":12866720,"self":9.6336392,"total":9.6336392999999987,"children":null},"RequestDecision":{"count":12866720,"self":76.6638272,"total":686.66976779999993,"children":{"AgentInfo.ToProto":{"count":12866368,"self":42.9197024,"total":610.00594019999994,"children":{"GenerateSensorData":{"count":12866368,"self":512.1547264,"total":567.0862384,"children":{"RayPerceptionSensor.Perceive":{"count":25732736,"self":54.93152,"total":54.9315213,"children":null}}}}}}}}},"DecideAction":{"count":1031577,"self":8982.2052352,"total":8982.2048739,"children":{"RayPerceptionSensor.Perceive":{"count":704,"self":0,"total":0,"children":null}}},"AgentAct":{"count":1031577,"self":173.952,"total":173.9545355,"children":{"RayPerceptionSensor.Perceive":{"count":128,"self":0.00099859999999999988,"total":0.00099859999999999988,"children":null},"AgentInfo.ToProto":{"count":84,"self":0,"total":0.001537,"children":{"GenerateSensorData":{"count":84,"self":0.001537,"total":0.001537,"children":{"RayPerceptionSensor.Perceive":{"count":168,"self":0,"total":0,"children":null}}}}}}},"AgentInfo.ToProto":{"count":329248,"self":1.9944655999999998,"total":20.1314036,"children":{"GenerateSensorData":{"count":329248,"self":16.3796176,"total":18.136938,"children":{"RayPerceptionSensor.Perceive":{"count":658496,"self":1.75732,"total":1.7573199,"children":null}}}}}},"gauges":{"TankAgent.CumulativeReward":{"count":329406,"max":1.4958005,"min":-0.309138,"runningAverage":0.503792942,"value":0.493280023,"weightedAverage":0.536709547}},"metadata":{"timer_format_version":"0.1.0","start_time_seconds":"1674894430","unity_version":"2021.3.8f1","command_line_arguments":"D:\\Unity\\2021.3.8f1\\Editor\\Unity.exe -projectpath D:\\Unity\\Projects\\TankGame -useHub -hubIPC -cloudEnvironment production -licensingIpc LicenseClient-sho -hubSessionId a8aebbd0-9ebb-11ed-9e95-dd2420ba4cbd -accessToken jm2ZESEaXwmldZ0l84y_jdHvL2pA4OTfYjDH3NeZY7g009f","communication_protocol_version":"1.5.0","com.unity.ml-agents_version":"2.2.1-exp.1","scene_name":"TankAgent","end_time_seconds":"1674907278"}}