{"count":1,"self":27.4342336,"total":28.9579186,"children":{"InitializeActuators":{"count":1,"self":0.0015003999999999998,"total":0.0015003999999999998,"children":null},"InitializeSensors":{"count":1,"self":0,"total":0,"children":null},"AgentSendState":{"count":2421,"self":0.046840799999999995,"total":0.148957,"children":{"CollectObservations":{"count":485,"self":0.081084099999999992,"total":0.081084099999999992,"children":null},"WriteActionMask":{"count":485,"self":0.0024933999999999998,"total":0.0024933999999999998,"children":null},"RequestDecision":{"count":485,"self":0.018538699999999998,"total":0.018538699999999998,"children":null}}},"DecideAction":{"count":2421,"self":0.8354119,"total":0.83939619999999993,"children":{"RayPerceptionSensor.Perceive":{"count":485,"self":0.0039843,"total":0.0039843,"children":null}}},"AgentAct":{"count":2421,"self":0.5328307,"total":0.5328307,"children":null}},"gauges":{"TankAgent.CumulativeReward":{"count":1,"max":0.700000048,"min":0.700000048,"runningAverage":0.700000048,"value":0.700000048,"weightedAverage":0.700000048}},"metadata":{"timer_format_version":"0.1.0","start_time_seconds":"1674629531","unity_version":"2021.3.8f1","command_line_arguments":"D:\\Unity\\2021.3.8f1\\Editor\\Unity.exe -projectpath D:\\Unity\\Projects\\TankGame -useHub -hubIPC -cloudEnvironment production -licensingIpc LicenseClient-sho -hubSessionId 0f952e80-9c5d-11ed-936f-cf16ffd78667 -accessToken yQOHbXTYm4v9M4oIDofmlPu_9O3iZQYfIz3YbjeBUIU009f","communication_protocol_version":"1.5.0","com.unity.ml-agents_version":"2.2.1-exp.1","scene_name":"TankAgent","end_time_seconds":"1674629560"}}